{"cameraMode":{"drawMode":0,"name":"Shaded","section":"Shading Mode"},"sceneLighting":false,"audioPlay":false,"sceneViewState":{"showFog":true,"showMaterialUpdate":false,"showSkybox":false,"showFlares":true,"showImageEffects":true,"showParticleSystems":true},"in2DMode":false,"pivot":{"x":-1.5687516927719117,"y":7.762775421142578,"z":-6.906713962554932},"rotation":{"x":0.06979856640100479,"y":0.9266049861907959,"z":-0.21530790627002717,"w":0.300385981798172},"size":1.0579913854599,"orthographic":false}